{"data_time": 0.005654510983731598, "eta_seconds": 49469.60513419256, "iteration": 19, "loss_fcos_cls": 1.0804179310798645, "loss_fcos_ctr": 0.7388448119163513, "loss_fcos_loc": 0.9746267795562744, "loss_mask": 0.0, "lr": 0.00019981, "time": 0.5497783435857855, "total_loss": 2.768441915512085}
{"data_time": 0.006063053442630917, "eta_seconds": 49888.44093197258, "iteration": 39, "loss_fcos_cls": 0.9327213764190674, "loss_fcos_ctr": 0.6684961915016174, "loss_fcos_loc": 0.9278122782707214, "loss_mask": 0.0, "lr": 0.00039960999999999995, "time": 0.562153474020306, "total_loss": 2.537932515144348}
{"data_time": 0.005556819960474968, "eta_seconds": 51166.80655195948, "iteration": 19, "loss_fcos_cls": 0.424888014793396, "loss_fcos_ctr": 0.6228436827659607, "loss_fcos_loc": 0.19806154072284698, "loss_mask": 0.0, "lr": 0.00019981, "time": 0.5686401190469041, "total_loss": 1.3361264765262604}
{"data_time": 0.006766307516954839, "eta_seconds": 50224.55910462368, "iteration": 39, "loss_fcos_cls": 0.341165691614151, "loss_fcos_ctr": 0.6160384118556976, "loss_fcos_loc": 0.2045365273952484, "loss_mask": 0.0, "lr": 0.00039960999999999995, "time": 0.5546626569121145, "total_loss": 1.1473070979118347}
{"data_time": 0.002799047972075641, "eta_seconds": 26722.00327894051, "iteration": 19, "loss_fcos_cls": 0.3991120606660843, "loss_fcos_ctr": 0.6148031949996948, "loss_fcos_loc": 0.19758692383766174, "loss_mask": 0.0, "lr": 0.00019981, "time": 0.29697384202154353, "total_loss": 1.2447825595736504}
{"data_time": 0.0029254690161906183, "eta_seconds": 25801.86910082947, "iteration": 39, "loss_fcos_cls": 0.2877281904220581, "loss_fcos_ctr": 0.6117310225963593, "loss_fcos_loc": 0.196067176759243, "loss_mask": 0.0, "lr": 0.00039960999999999995, "time": 0.28556563501479104, "total_loss": 1.1242193281650543}
{"data_time": 0.002848897536750883, "eta_seconds": 25346.07624010247, "iteration": 59, "loss_fcos_cls": 0.26959194242954254, "loss_fcos_ctr": 0.612497478723526, "loss_fcos_loc": 0.17740138620138168, "loss_mask": 0.0, "lr": 0.00059941, "time": 0.2635535244480707, "total_loss": 1.0744280815124512}
{"data_time": 0.0028154050232842565, "eta_seconds": 25619.724683029868, "iteration": 79, "loss_fcos_cls": 0.33173874020576477, "loss_fcos_ctr": 0.6157844662666321, "loss_fcos_loc": 0.24548539519309998, "loss_mask": 0.0, "lr": 0.0007992100000000001, "time": 0.3003585304832086, "total_loss": 1.191927969455719}
{"data_time": 0.00284102198202163, "eta_seconds": 25515.931651182007, "iteration": 99, "loss_fcos_cls": 0.36823099851608276, "loss_fcos_ctr": 0.6126506328582764, "loss_fcos_loc": 0.22336363047361374, "loss_mask": 0.0, "lr": 0.00099901, "time": 0.2690756319789216, "total_loss": 1.193569153547287}
{"data_time": 0.0028831124654971063, "eta_seconds": 25639.424487838463, "iteration": 119, "loss_fcos_cls": 0.29753556847572327, "loss_fcos_ctr": 0.6246739327907562, "loss_fcos_loc": 0.2441033571958542, "loss_mask": 0.0, "lr": 0.00119881, "time": 0.2994831025134772, "total_loss": 1.1574153304100037}
{"data_time": 0.0029751579859293997, "eta_seconds": 25633.719294418755, "iteration": 139, "loss_fcos_cls": 0.35008901357650757, "loss_fcos_ctr": 0.6209231913089752, "loss_fcos_loc": 0.2672831267118454, "loss_mask": 0.0, "lr": 0.0013986100000000002, "time": 0.2859158670180477, "total_loss": 1.237475834786892}
{"data_time": 0.0028435784624889493, "eta_seconds": 25624.029428820417, "iteration": 159, "loss_fcos_cls": 0.31443631649017334, "loss_fcos_ctr": 0.6178350448608398, "loss_fcos_loc": 0.23145996034145355, "loss_mask": 0.0, "lr": 0.0015984100000000002, "time": 0.2791896384442225, "total_loss": 1.1751149147748947}
{"data_time": 0.0028527325484901667, "eta_seconds": 25618.325122450537, "iteration": 179, "loss_fcos_cls": 0.38249990344047546, "loss_fcos_ctr": 0.6168181300163269, "loss_fcos_loc": 0.23779720813035965, "loss_mask": 0.0, "lr": 0.0017982099999999997, "time": 0.2798524835379794, "total_loss": 1.2650573030114174}
{"data_time": 0.0029191815410740674, "eta_seconds": 25612.620816080656, "iteration": 199, "loss_fcos_cls": 0.3798772394657135, "loss_fcos_ctr": 0.6297973096370697, "loss_fcos_loc": 0.21879784762859344, "loss_mask": 0.0, "lr": 0.00199801, "time": 0.289225420972798, "total_loss": 1.2236079573631287}
{"data_time": 0.00297266902634874, "eta_seconds": 25741.127432934707, "iteration": 219, "loss_fcos_cls": 0.44669097661972046, "loss_fcos_ctr": 0.6123362481594086, "loss_fcos_loc": 0.23008424788713455, "loss_mask": 0.0, "lr": 0.00219781, "time": 0.3012998394551687, "total_loss": 1.311186283826828}
{"data_time": 0.0032752834958955646, "eta_seconds": 25735.39322916488, "iteration": 239, "loss_fcos_cls": 0.4536675959825516, "loss_fcos_ctr": 0.6323009431362152, "loss_fcos_loc": 0.28723853826522827, "loss_mask": 0.0, "lr": 0.00239761, "time": 0.28766082145739347, "total_loss": 1.428670272231102}
{"data_time": 0.0029465765110217035, "eta_seconds": 25829.976813120535, "iteration": 259, "loss_fcos_cls": 0.48815755546092987, "loss_fcos_ctr": 0.6198381185531616, "loss_fcos_loc": 0.21945823729038239, "loss_mask": 0.0, "lr": 0.00259741, "time": 0.2930644640000537, "total_loss": 1.36894853413105}
{"data_time": 0.0025893220445141196, "eta_seconds": 25860.26988133695, "iteration": 279, "loss_fcos_cls": 0.42938442528247833, "loss_fcos_ctr": 0.6193940937519073, "loss_fcos_loc": 0.24313677102327347, "loss_mask": 0.0, "lr": 0.0027972100000000005, "time": 0.2914379629655741, "total_loss": 1.3020351976156235}
{"data_time": 0.0028615150367841125, "eta_seconds": 25674.074186680897, "iteration": 299, "loss_fcos_cls": 0.40691886842250824, "loss_fcos_ctr": 0.61264368891716, "loss_fcos_loc": 0.25906768441200256, "loss_mask": 0.0, "lr": 0.00299701, "time": 0.26241991948336363, "total_loss": 1.289277195930481}
{"data_time": 0.0028634375194087625, "eta_seconds": 25690.560709513375, "iteration": 319, "loss_fcos_cls": 0.5056893229484558, "loss_fcos_ctr": 0.6216074526309967, "loss_fcos_loc": 0.26265285909175873, "loss_mask": 0.0, "lr": 0.00319681, "time": 0.29108465200988576, "total_loss": 1.4037013947963715}
{"data_time": 0.0027653505094349384, "eta_seconds": 25684.83138876327, "iteration": 339, "loss_fcos_cls": 0.4512077271938324, "loss_fcos_ctr": 0.6254159510135651, "loss_fcos_loc": 0.29318538308143616, "loss_mask": 0.0, "lr": 0.0033966100000000004, "time": 0.2881206154706888, "total_loss": 1.362160325050354}
{"data_time": 0.0029149435576982796, "eta_seconds": 25751.027136453602, "iteration": 359, "loss_fcos_cls": 0.4363473653793335, "loss_fcos_ctr": 0.6233989596366882, "loss_fcos_loc": 0.24016887694597244, "loss_mask": 0.0, "lr": 0.00359641, "time": 0.28945972700603306, "total_loss": 1.3453958109021187}
{"data_time": 0.0029139930265955627, "eta_seconds": 25673.372747263056, "iteration": 379, "loss_fcos_cls": 0.5138699114322662, "loss_fcos_ctr": 0.6343705058097839, "loss_fcos_loc": 0.3004741966724396, "loss_mask": 0.0, "lr": 0.00379621, "time": 0.2780086859711446, "total_loss": 1.4430544078350067}
{"data_time": 0.0030108064529486, "eta_seconds": 25645.452349481, "iteration": 399, "loss_fcos_cls": 0.45431549847126007, "loss_fcos_ctr": 0.617926150560379, "loss_fcos_loc": 0.28210264444351196, "loss_mask": 0.0, "lr": 0.00399601, "time": 0.28420205297879875, "total_loss": 1.3551573902368546}
{"data_time": 0.0028009770321659744, "eta_seconds": 25735.37764990056, "iteration": 419, "loss_fcos_cls": 0.43504825234413147, "loss_fcos_ctr": 0.6216438710689545, "loss_fcos_loc": 0.2604267746210098, "loss_mask": 0.0, "lr": 0.00419581, "time": 0.2989573070080951, "total_loss": 1.333705447614193}
{"data_time": 0.003011007502209395, "eta_seconds": 25678.051191466628, "iteration": 439, "loss_fcos_cls": 0.5282206237316132, "loss_fcos_ctr": 0.6261030435562134, "loss_fcos_loc": 0.26539820432662964, "loss_mask": 0.0, "lr": 0.00439561, "time": 0.27653173403814435, "total_loss": 1.4146472066640854}
{"data_time": 0.0030117389978840947, "eta_seconds": 25672.316987696802, "iteration": 459, "loss_fcos_cls": 0.5192946195602417,